path,status,type,checks,notes
.gitignore,PASS,(no extension),text-reviewed,
CATKIN_COMPILE_AUDIT.md,PASS,.md,text-reviewed,
MIGRATION_NOTES.md,PASS,.md,text-reviewed,
README.md,PASS,.md,text-reviewed,
bootstrap_catkin_workspaces.sh,PASS,.sh,text-reviewed,
chapt1/CMakeLists.txt,PASS,.txt,cmake-static-review,
chapt1/Makefile,PASS,(no extension),text-reviewed,
chapt1/cmake_install.cmake,PASS,.cmake,text-reviewed,
chapt1/hello_world.cpp,PASS,.cpp,static-reviewed,
chapt1/hello_world.py,PASS,.py,python-syntax,
chapt1/learn_cmake,PASS,(no extension),text-reviewed,
chapt10/chapt10_ws/src/learn_compose/CMakeLists.txt,PASS,.txt,cmake-static-review,
chapt10/chapt10_ws/src/learn_compose/include/learn_compose/listener.hpp,PASS,.hpp,static-reviewed,
chapt10/chapt10_ws/src/learn_compose/include/learn_compose/talker.hpp,PASS,.hpp,static-reviewed,
chapt10/chapt10_ws/src/learn_compose/package.xml,PASS,.xml,xml-parse,
chapt10/chapt10_ws/src/learn_compose/src/intra_process_pubsub.cpp,PASS,.cpp,static-reviewed,
chapt10/chapt10_ws/src/learn_compose/src/listener.cpp,PASS,.cpp,static-reviewed,
chapt10/chapt10_ws/src/learn_compose/src/talker.cpp,PASS,.cpp,static-reviewed,
chapt10/chapt10_ws/src/learn_dds_cpp/CMakeLists.txt,PASS,.txt,cmake-static-review,
chapt10/chapt10_ws/src/learn_dds_cpp/package.xml,PASS,.xml,xml-parse,
chapt10/chapt10_ws/src/learn_dds_cpp/src/shm_pub.cpp,PASS,.cpp,static-reviewed,
chapt10/chapt10_ws/src/learn_executor_cpp/CMakeLists.txt,PASS,.txt,cmake-static-review,
chapt10/chapt10_ws/src/learn_executor_cpp/package.xml,PASS,.xml,xml-parse,
chapt10/chapt10_ws/src/learn_executor_cpp/src/learn_executor.cpp,PASS,.cpp,static-reviewed,
chapt10/chapt10_ws/src/learn_executor_py/CMakeLists.txt,PASS,.txt,cmake-static-review,
chapt10/chapt10_ws/src/learn_executor_py/learn_executor_py/__init__.py,PASS,.py,python-syntax,
chapt10/chapt10_ws/src/learn_executor_py/learn_executor_py/learn_executor.py,PASS,.py,python-syntax,
chapt10/chapt10_ws/src/learn_executor_py/package.xml,PASS,.xml,xml-parse,
chapt10/chapt10_ws/src/learn_executor_py/setup.py,PASS,.py,python-syntax,
chapt10/chapt10_ws/src/learn_managed_node_cpp/CMakeLists.txt,PASS,.txt,cmake-static-review,
chapt10/chapt10_ws/src/learn_managed_node_cpp/package.xml,PASS,.xml,xml-parse,
chapt10/chapt10_ws/src/learn_managed_node_cpp/src/learn_managed_node.cpp,PASS,.cpp,static-reviewed,
chapt10/chapt10_ws/src/learn_managed_node_py/CMakeLists.txt,PASS,.txt,cmake-static-review,
chapt10/chapt10_ws/src/learn_managed_node_py/learn_managed_node_py/__init__.py,PASS,.py,python-syntax,
chapt10/chapt10_ws/src/learn_managed_node_py/learn_managed_node_py/learn_managed_node.py,PASS,.py,python-syntax,
chapt10/chapt10_ws/src/learn_managed_node_py/package.xml,PASS,.xml,xml-parse,
chapt10/chapt10_ws/src/learn_managed_node_py/setup.py,PASS,.py,python-syntax,
chapt10/chapt10_ws/src/learn_message_filter_cpp/CMakeLists.txt,PASS,.txt,cmake-static-review,
chapt10/chapt10_ws/src/learn_message_filter_cpp/package.xml,PASS,.xml,xml-parse,
chapt10/chapt10_ws/src/learn_message_filter_cpp/src/timesync_test.cpp,PASS,.cpp,static-reviewed,
chapt10/chapt10_ws/src/learn_message_filter_py/CMakeLists.txt,PASS,.txt,cmake-static-review,
chapt10/chapt10_ws/src/learn_message_filter_py/learn_message_filter_py/__init__.py,PASS,.py,python-syntax,
chapt10/chapt10_ws/src/learn_message_filter_py/learn_message_filter_py/timesync_test.py,PASS,.py,python-syntax,
chapt10/chapt10_ws/src/learn_message_filter_py/package.xml,PASS,.xml,xml-parse,
chapt10/chapt10_ws/src/learn_message_filter_py/setup.py,PASS,.py,python-syntax,
chapt10/chapt10_ws/src/learn_queue_latch_cpp/CMakeLists.txt,PASS,.txt,cmake-static-review,
chapt10/chapt10_ws/src/learn_queue_latch_cpp/package.xml,PASS,.xml,xml-parse,
chapt10/chapt10_ws/src/learn_queue_latch_cpp/src/queue_latch_demo.cpp,PASS,.cpp,static-reviewed,
chapt10/chapt10_ws/src/learn_queue_latch_py/CMakeLists.txt,PASS,.txt,cmake-static-review,
chapt10/chapt10_ws/src/learn_queue_latch_py/learn_queue_latch_py/__init__.py,PASS,.py,python-syntax,
chapt10/chapt10_ws/src/learn_queue_latch_py/learn_queue_latch_py/queue_latch_demo.py,PASS,.py,python-syntax,
chapt10/chapt10_ws/src/learn_queue_latch_py/package.xml,PASS,.xml,xml-parse,
chapt10/chapt10_ws/src/learn_queue_latch_py/setup.py,PASS,.py,python-syntax,
chapt10/chapt10_ws/topic_sub_limit.xml,PASS,.xml,xml-parse,
chapt2/CMakeLists1.txt,PASS,.txt,text-reviewed,
chapt2/chapt2_ws/novel1.txt,PASS,.txt,text-reviewed,
chapt2/chapt2_ws/novel2.txt,PASS,.txt,text-reviewed,
chapt2/chapt2_ws/novel3.txt,PASS,.txt,text-reviewed,
chapt2/chapt2_ws/src/demo_cpp_pkg/CMakeLists.txt,PASS,.txt,cmake-static-review,
chapt2/chapt2_ws/src/demo_cpp_pkg/LICENSE,PASS,(no extension),text-reviewed,
chapt2/chapt2_ws/src/demo_cpp_pkg/include/cpp-httplib/CMakeLists.txt,PASS,.txt,cmake-static-review,
chapt2/chapt2_ws/src/demo_cpp_pkg/include/cpp-httplib/LICENSE,PASS,(no extension),text-reviewed,
chapt2/chapt2_ws/src/demo_cpp_pkg/include/cpp-httplib/README.md,PASS,.md,text-reviewed,
chapt2/chapt2_ws/src/demo_cpp_pkg/include/cpp-httplib/cmake/FindBrotli.cmake,PASS,.cmake,text-reviewed,
chapt2/chapt2_ws/src/demo_cpp_pkg/include/cpp-httplib/example/Dockerfile.hello,PASS,binary/asset,skipped content parse,
chapt2/chapt2_ws/src/demo_cpp_pkg/include/cpp-httplib/example/Makefile,PASS,(no extension),text-reviewed,
chapt2/chapt2_ws/src/demo_cpp_pkg/include/cpp-httplib/example/benchmark.cc,PASS,.cc,static-reviewed,
chapt2/chapt2_ws/src/demo_cpp_pkg/include/cpp-httplib/example/ca-bundle.crt,PASS,binary/asset,skipped content parse,
chapt2/chapt2_ws/src/demo_cpp_pkg/include/cpp-httplib/example/client.cc,PASS,.cc,static-reviewed,
chapt2/chapt2_ws/src/demo_cpp_pkg/include/cpp-httplib/example/client.vcxproj,PASS,binary/asset,skipped content parse,
chapt2/chapt2_ws/src/demo_cpp_pkg/include/cpp-httplib/example/example.sln,PASS,binary/asset,skipped content parse,
chapt2/chapt2_ws/src/demo_cpp_pkg/include/cpp-httplib/example/hello.cc,PASS,.cc,static-reviewed,
chapt2/chapt2_ws/src/demo_cpp_pkg/include/cpp-httplib/example/redirect.cc,PASS,.cc,static-reviewed,
chapt2/chapt2_ws/src/demo_cpp_pkg/include/cpp-httplib/example/server.cc,PASS,.cc,static-reviewed,
chapt2/chapt2_ws/src/demo_cpp_pkg/include/cpp-httplib/example/server.vcxproj,PASS,binary/asset,skipped content parse,
chapt2/chapt2_ws/src/demo_cpp_pkg/include/cpp-httplib/example/simplecli.cc,PASS,.cc,static-reviewed,
chapt2/chapt2_ws/src/demo_cpp_pkg/include/cpp-httplib/example/simplesvr.cc,PASS,.cc,static-reviewed,
chapt2/chapt2_ws/src/demo_cpp_pkg/include/cpp-httplib/example/upload.cc,PASS,.cc,static-reviewed,
chapt2/chapt2_ws/src/demo_cpp_pkg/include/cpp-httplib/example/uploader.sh,PASS,.sh,text-reviewed,
chapt2/chapt2_ws/src/demo_cpp_pkg/include/cpp-httplib/httplib.h,PASS,.h,static-reviewed,
chapt2/chapt2_ws/src/demo_cpp_pkg/include/cpp-httplib/httplibConfig.cmake.in,PASS,.in,text-reviewed,
chapt2/chapt2_ws/src/demo_cpp_pkg/include/cpp-httplib/meson.build,PASS,binary/asset,skipped content parse,
chapt2/chapt2_ws/src/demo_cpp_pkg/include/cpp-httplib/meson_options.txt,PASS,.txt,text-reviewed,
chapt2/chapt2_ws/src/demo_cpp_pkg/include/cpp-httplib/split.py,PASS,.py,python-syntax,
chapt2/chapt2_ws/src/demo_cpp_pkg/include/cpp-httplib/test/CMakeLists.txt,PASS,.txt,cmake-static-review,
chapt2/chapt2_ws/src/demo_cpp_pkg/include/cpp-httplib/test/Makefile,PASS,(no extension),text-reviewed,
chapt2/chapt2_ws/src/demo_cpp_pkg/include/cpp-httplib/test/ca-bundle.crt,PASS,binary/asset,skipped content parse,
chapt2/chapt2_ws/src/demo_cpp_pkg/include/cpp-httplib/test/fuzzing/Makefile,PASS,(no extension),text-reviewed,
chapt2/chapt2_ws/src/demo_cpp_pkg/include/cpp-httplib/test/fuzzing/corpus/1,PASS,(no extension),text-reviewed,
chapt2/chapt2_ws/src/demo_cpp_pkg/include/cpp-httplib/test/fuzzing/corpus/2,PASS,(no extension),text-reviewed,
chapt2/chapt2_ws/src/demo_cpp_pkg/include/cpp-httplib/test/fuzzing/corpus/3,PASS,(no extension),text-reviewed,
chapt2/chapt2_ws/src/demo_cpp_pkg/include/cpp-httplib/test/fuzzing/corpus/clusterfuzz-testcase-minimized-server_fuzzer-5042094968537088,PASS,(no extension),text-reviewed,
chapt2/chapt2_ws/src/demo_cpp_pkg/include/cpp-httplib/test/fuzzing/corpus/clusterfuzz-testcase-minimized-server_fuzzer-5372331946541056,PASS,(no extension),text-reviewed,
chapt2/chapt2_ws/src/demo_cpp_pkg/include/cpp-httplib/test/fuzzing/corpus/clusterfuzz-testcase-minimized-server_fuzzer-5386708825800704,PASS,(no extension),text-reviewed,
chapt2/chapt2_ws/src/demo_cpp_pkg/include/cpp-httplib/test/fuzzing/corpus/clusterfuzz-testcase-minimized-server_fuzzer-5667822731132928,PASS,(no extension),text-reviewed,
chapt2/chapt2_ws/src/demo_cpp_pkg/include/cpp-httplib/test/fuzzing/corpus/clusterfuzz-testcase-minimized-server_fuzzer-5886572146327552,PASS,(no extension),text-reviewed,
chapt2/chapt2_ws/src/demo_cpp_pkg/include/cpp-httplib/test/fuzzing/corpus/clusterfuzz-testcase-minimized-server_fuzzer-5942767436562432,PASS,(no extension),text-reviewed,
chapt2/chapt2_ws/src/demo_cpp_pkg/include/cpp-httplib/test/fuzzing/corpus/clusterfuzz-testcase-minimized-server_fuzzer-6007379124158464,PASS,(no extension),text-reviewed,
chapt2/chapt2_ws/src/demo_cpp_pkg/include/cpp-httplib/test/fuzzing/corpus/clusterfuzz-testcase-minimized-server_fuzzer-6508706672541696,PASS,(no extension),text-reviewed,
chapt2/chapt2_ws/src/demo_cpp_pkg/include/cpp-httplib/test/fuzzing/corpus/issue1264,PASS,(no extension),text-reviewed,
chapt2/chapt2_ws/src/demo_cpp_pkg/include/cpp-httplib/test/fuzzing/server_fuzzer.cc,PASS,.cc,static-reviewed,
chapt2/chapt2_ws/src/demo_cpp_pkg/include/cpp-httplib/test/fuzzing/server_fuzzer.dict,PASS,binary/asset,skipped content parse,
chapt2/chapt2_ws/src/demo_cpp_pkg/include/cpp-httplib/test/fuzzing/standalone_fuzz_target_runner.cpp,PASS,.cpp,static-reviewed,
chapt2/chapt2_ws/src/demo_cpp_pkg/include/cpp-httplib/test/gtest/gtest-all.cc,PASS,.cc,static-reviewed,
chapt2/chapt2_ws/src/demo_cpp_pkg/include/cpp-httplib/test/gtest/gtest.h,PASS,.h,static-reviewed,
chapt2/chapt2_ws/src/demo_cpp_pkg/include/cpp-httplib/test/gtest/gtest_main.cc,PASS,.cc,static-reviewed,
chapt2/chapt2_ws/src/demo_cpp_pkg/include/cpp-httplib/test/image.jpg,PASS,binary/asset,skipped content parse,
chapt2/chapt2_ws/src/demo_cpp_pkg/include/cpp-httplib/test/include_httplib.cc,PASS,.cc,static-reviewed,
chapt2/chapt2_ws/src/demo_cpp_pkg/include/cpp-httplib/test/meson.build,PASS,binary/asset,skipped content parse,
chapt2/chapt2_ws/src/demo_cpp_pkg/include/cpp-httplib/test/proxy/Dockerfile,PASS,(no extension),text-reviewed,
chapt2/chapt2_ws/src/demo_cpp_pkg/include/cpp-httplib/test/proxy/basic_passwd,PASS,(no extension),text-reviewed,
chapt2/chapt2_ws/src/demo_cpp_pkg/include/cpp-httplib/test/proxy/basic_squid.conf,PASS,.conf,text-reviewed,
chapt2/chapt2_ws/src/demo_cpp_pkg/include/cpp-httplib/test/proxy/digest_passwd,PASS,(no extension),text-reviewed,
chapt2/chapt2_ws/src/demo_cpp_pkg/include/cpp-httplib/test/proxy/digest_squid.conf,PASS,.conf,text-reviewed,
chapt2/chapt2_ws/src/demo_cpp_pkg/include/cpp-httplib/test/proxy/docker-compose.yml,PASS,.yml,yaml-parse,
chapt2/chapt2_ws/src/demo_cpp_pkg/include/cpp-httplib/test/test.cc,PASS,.cc,static-reviewed,
chapt2/chapt2_ws/src/demo_cpp_pkg/include/cpp-httplib/test/test.conf,PASS,.conf,text-reviewed,
chapt2/chapt2_ws/src/demo_cpp_pkg/include/cpp-httplib/test/test.rootCA.conf,PASS,.conf,text-reviewed,
chapt2/chapt2_ws/src/demo_cpp_pkg/include/cpp-httplib/test/test.sln,PASS,binary/asset,skipped content parse,
chapt2/chapt2_ws/src/demo_cpp_pkg/include/cpp-httplib/test/test.vcxproj,PASS,binary/asset,skipped content parse,
chapt2/chapt2_ws/src/demo_cpp_pkg/include/cpp-httplib/test/test_proxy.cc,PASS,.cc,static-reviewed,
chapt2/chapt2_ws/src/demo_cpp_pkg/include/cpp-httplib/test/www/dir/index.html,PASS,.html,,
chapt2/chapt2_ws/src/demo_cpp_pkg/include/cpp-httplib/test/www/dir/meson.build,PASS,binary/asset,skipped content parse,
chapt2/chapt2_ws/src/demo_cpp_pkg/include/cpp-httplib/test/www/dir/test.abcde,PASS,binary/asset,skipped content parse,
chapt2/chapt2_ws/src/demo_cpp_pkg/include/cpp-httplib/test/www/dir/test.html,PASS,.html,,
chapt2/chapt2_ws/src/demo_cpp_pkg/include/cpp-httplib/test/www2/dir/index.html,PASS,.html,,
chapt2/chapt2_ws/src/demo_cpp_pkg/include/cpp-httplib/test/www2/dir/meson.build,PASS,binary/asset,skipped content parse,
chapt2/chapt2_ws/src/demo_cpp_pkg/include/cpp-httplib/test/www2/dir/test.html,PASS,.html,,
chapt2/chapt2_ws/src/demo_cpp_pkg/include/cpp-httplib/test/www3/dir/index.html,PASS,.html,,
chapt2/chapt2_ws/src/demo_cpp_pkg/include/cpp-httplib/test/www3/dir/meson.build,PASS,binary/asset,skipped content parse,
chapt2/chapt2_ws/src/demo_cpp_pkg/include/cpp-httplib/test/www3/dir/test.html,PASS,.html,,
chapt2/chapt2_ws/src/demo_cpp_pkg/package.xml,PASS,.xml,xml-parse,
chapt2/chapt2_ws/src/demo_cpp_pkg/src/cpp_node.cpp,PASS,.cpp,static-reviewed,
chapt2/chapt2_ws/src/demo_cpp_pkg/src/learn_auto.cpp,PASS,.cpp,static-reviewed,
chapt2/chapt2_ws/src/demo_cpp_pkg/src/learn_function.cpp,PASS,.cpp,static-reviewed,
chapt2/chapt2_ws/src/demo_cpp_pkg/src/learn_lambda.cpp,PASS,.cpp,static-reviewed,
chapt2/chapt2_ws/src/demo_cpp_pkg/src/learn_shared_ptr.cpp,PASS,.cpp,static-reviewed,
chapt2/chapt2_ws/src/demo_cpp_pkg/src/learn_thread.cpp,PASS,.cpp,static-reviewed,
chapt2/chapt2_ws/src/demo_cpp_pkg/src/person_node.cpp,PASS,.cpp,static-reviewed,
chapt2/chapt2_ws/src/demo_python_pkg/CMakeLists.txt,PASS,.txt,cmake-static-review,
chapt2/chapt2_ws/src/demo_python_pkg/LICENSE,PASS,(no extension),text-reviewed,
chapt2/chapt2_ws/src/demo_python_pkg/demo_python_pkg/__init__.py,PASS,.py,python-syntax,
chapt2/chapt2_ws/src/demo_python_pkg/demo_python_pkg/learn_thread.py,PASS,.py,python-syntax,
chapt2/chapt2_ws/src/demo_python_pkg/demo_python_pkg/person_node.py,PASS,.py,python-syntax,
chapt2/chapt2_ws/src/demo_python_pkg/demo_python_pkg/python_node.py,PASS,.py,python-syntax,
chapt2/chapt2_ws/src/demo_python_pkg/demo_python_pkg/writer_node.py,PASS,.py,python-syntax,
chapt2/chapt2_ws/src/demo_python_pkg/package.xml,PASS,.xml,xml-parse,
chapt2/chapt2_ws/src/demo_python_pkg/resource/demo_python_pkg,PASS,(no extension),text-reviewed,
chapt2/chapt2_ws/src/demo_python_pkg/setup.cfg,PASS,.cfg,text-reviewed,
chapt2/chapt2_ws/src/demo_python_pkg/setup.py,PASS,.py,python-syntax,
chapt2/ros1_cpp_node.cpp,PASS,.cpp,static-reviewed,
chapt2/ros1_python_node.py,PASS,.py,python-syntax,
chapt3/topic_practice_ws/src/status_display/CMakeLists.txt,PASS,.txt,cmake-static-review,
chapt3/topic_practice_ws/src/status_display/LICENSE,PASS,(no extension),text-reviewed,
chapt3/topic_practice_ws/src/status_display/package.xml,PASS,.xml,xml-parse,
chapt3/topic_practice_ws/src/status_display/src/hello_qt.cpp,PASS,.cpp,static-reviewed,
chapt3/topic_practice_ws/src/status_display/src/sys_status_display.cpp,PASS,.cpp,static-reviewed,
chapt3/topic_practice_ws/src/status_interfaces/CMakeLists.txt,PASS,.txt,cmake-static-review,
chapt3/topic_practice_ws/src/status_interfaces/LICENSE,PASS,(no extension),text-reviewed,
chapt3/topic_practice_ws/src/status_interfaces/msg/SystemStatus.msg,PASS,.msg,,
chapt3/topic_practice_ws/src/status_interfaces/package.xml,PASS,.xml,xml-parse,
chapt3/topic_practice_ws/src/status_publisher/CMakeLists.txt,PASS,.txt,cmake-static-review,
chapt3/topic_practice_ws/src/status_publisher/LICENSE,PASS,(no extension),text-reviewed,
chapt3/topic_practice_ws/src/status_publisher/package.xml,PASS,.xml,xml-parse,
chapt3/topic_practice_ws/src/status_publisher/resource/status_publisher,PASS,(no extension),text-reviewed,
chapt3/topic_practice_ws/src/status_publisher/setup.cfg,PASS,.cfg,text-reviewed,
chapt3/topic_practice_ws/src/status_publisher/setup.py,PASS,.py,python-syntax,
chapt3/topic_practice_ws/src/status_publisher/status_publisher/__init__.py,PASS,.py,python-syntax,
chapt3/topic_practice_ws/src/status_publisher/status_publisher/sys_status_pub.py,PASS,.py,python-syntax,
chapt3/topic_ws/src/demo_cpp_topic/CMakeLists.txt,PASS,.txt,cmake-static-review,
chapt3/topic_ws/src/demo_cpp_topic/LICENSE,PASS,(no extension),text-reviewed,
chapt3/topic_ws/src/demo_cpp_topic/package.xml,PASS,.xml,xml-parse,
chapt3/topic_ws/src/demo_cpp_topic/src/turtle_circle.cpp,PASS,.cpp,static-reviewed,
chapt3/topic_ws/src/demo_cpp_topic/src/turtle_control.cpp,PASS,.cpp,static-reviewed,
chapt3/topic_ws/src/demo_python_topic/CMakeLists.txt,PASS,.txt,cmake-static-review,
chapt3/topic_ws/src/demo_python_topic/LICENSE,PASS,(no extension),text-reviewed,
chapt3/topic_ws/src/demo_python_topic/demo_python_topic/__init__.py,PASS,.py,python-syntax,
chapt3/topic_ws/src/demo_python_topic/demo_python_topic/novel_pub_node.py,PASS,.py,python-syntax,
chapt3/topic_ws/src/demo_python_topic/demo_python_topic/novel_sub_node.py,PASS,.py,python-syntax,
chapt3/topic_ws/src/demo_python_topic/package.xml,PASS,.xml,xml-parse,
chapt3/topic_ws/src/demo_python_topic/resource/demo_python_topic,PASS,(no extension),text-reviewed,
chapt3/topic_ws/src/demo_python_topic/setup.cfg,PASS,.cfg,text-reviewed,
chapt3/topic_ws/src/demo_python_topic/setup.py,PASS,.py,python-syntax,
chapt4/chapt4_ws/src/chapt4_interfaces/CMakeLists.txt,PASS,.txt,cmake-static-review,
chapt4/chapt4_ws/src/chapt4_interfaces/LICENSE,PASS,(no extension),text-reviewed,
chapt4/chapt4_ws/src/chapt4_interfaces/package.xml,PASS,.xml,xml-parse,
chapt4/chapt4_ws/src/chapt4_interfaces/srv/FaceDetector.srv,PASS,.srv,,
chapt4/chapt4_ws/src/chapt4_interfaces/srv/Patrol.srv,PASS,.srv,,
chapt4/chapt4_ws/src/demo_cpp_service/CMakeLists.txt,PASS,.txt,cmake-static-review,
chapt4/chapt4_ws/src/demo_cpp_service/LICENSE,PASS,(no extension),text-reviewed,
chapt4/chapt4_ws/src/demo_cpp_service/launch/actions.launch,PASS,.launch,xml-parse,
chapt4/chapt4_ws/src/demo_cpp_service/launch/demo.launch,PASS,.launch,xml-parse,
chapt4/chapt4_ws/src/demo_cpp_service/package.xml,PASS,.xml,xml-parse,
chapt4/chapt4_ws/src/demo_cpp_service/src/patrol_client.cpp,PASS,.cpp,static-reviewed,
chapt4/chapt4_ws/src/demo_cpp_service/src/turtle_control.cpp,PASS,.cpp,static-reviewed,
chapt4/chapt4_ws/src/demo_python_service/CMakeLists.txt,PASS,.txt,cmake-static-review,
chapt4/chapt4_ws/src/demo_python_service/LICENSE,PASS,(no extension),text-reviewed,
chapt4/chapt4_ws/src/demo_python_service/demo_python_service/__init__.py,PASS,.py,python-syntax,
chapt4/chapt4_ws/src/demo_python_service/demo_python_service/face_detect_client_node.py,PASS,.py,python-syntax,
chapt4/chapt4_ws/src/demo_python_service/demo_python_service/face_detect_node.py,PASS,.py,python-syntax,
chapt4/chapt4_ws/src/demo_python_service/demo_python_service/learn_face_detect.py,PASS,.py,python-syntax,
chapt4/chapt4_ws/src/demo_python_service/launch/demo.launch,PASS,.launch,xml-parse,
chapt4/chapt4_ws/src/demo_python_service/package.xml,PASS,.xml,xml-parse,
chapt4/chapt4_ws/src/demo_python_service/resource/default.jpg,PASS,binary/asset,skipped content parse,
chapt4/chapt4_ws/src/demo_python_service/resource/demo_python_service,PASS,(no extension),text-reviewed,
chapt4/chapt4_ws/src/demo_python_service/resource/test1.jpg,PASS,binary/asset,skipped content parse,
chapt4/chapt4_ws/src/demo_python_service/setup.cfg,PASS,.cfg,text-reviewed,
chapt4/chapt4_ws/src/demo_python_service/setup.py,PASS,.py,python-syntax,
chapt5/chapt5_ws/src/demo_cpp_tf/CMakeLists.txt,PASS,.txt,cmake-static-review,
chapt5/chapt5_ws/src/demo_cpp_tf/LICENSE,PASS,(no extension),text-reviewed,
chapt5/chapt5_ws/src/demo_cpp_tf/package.xml,PASS,.xml,xml-parse,
chapt5/chapt5_ws/src/demo_cpp_tf/src/dynamic_tf_broadcaster.cpp,PASS,.cpp,static-reviewed,
chapt5/chapt5_ws/src/demo_cpp_tf/src/static_tf_broadcaster.cpp,PASS,.cpp,static-reviewed,
chapt5/chapt5_ws/src/demo_cpp_tf/src/tf_listener.cpp,PASS,.cpp,static-reviewed,
chapt5/chapt5_ws/src/demo_python_tf/CMakeLists.txt,PASS,.txt,cmake-static-review,
chapt5/chapt5_ws/src/demo_python_tf/LICENSE,PASS,(no extension),text-reviewed,
chapt5/chapt5_ws/src/demo_python_tf/demo_python_tf/__init__.py,PASS,.py,python-syntax,
chapt5/chapt5_ws/src/demo_python_tf/demo_python_tf/dynamic_tf_broadcaster.py,PASS,.py,python-syntax,
chapt5/chapt5_ws/src/demo_python_tf/demo_python_tf/static_tf_broadcaster.py,PASS,.py,python-syntax,
chapt5/chapt5_ws/src/demo_python_tf/demo_python_tf/tf_listener.py,PASS,.py,python-syntax,
chapt5/chapt5_ws/src/demo_python_tf/package.xml,PASS,.xml,xml-parse,
chapt5/chapt5_ws/src/demo_python_tf/resource/demo_python_tf,PASS,(no extension),text-reviewed,
chapt5/chapt5_ws/src/demo_python_tf/setup.cfg,PASS,.cfg,text-reviewed,
chapt5/chapt5_ws/src/demo_python_tf/setup.py,PASS,.py,python-syntax,
chapt5/frames_2023-12-10_15.19.49.gv,PASS,.gv,,
chapt5/frames_2023-12-10_15.19.49.pdf,PASS,binary/asset,skipped content parse,
chapt5/learn_git/CMakeLists.txt,PASS,.txt,cmake-static-review,
chapt5/learn_git/package.xml,PASS,.xml,xml-parse,
chapt5/rviz_tf.rviz,PASS,.rviz,text-reviewed,
chapt6/chapt6_ws/src/fishbot_description/CMakeLists.txt,PASS,.txt,cmake-static-review,
chapt6/chapt6_ws/src/fishbot_description/LICENSE,PASS,(no extension),text-reviewed,
chapt6/chapt6_ws/src/fishbot_description/config/rviz/dispaly_model.rviz,PASS,.rviz,text-reviewed,
chapt6/chapt6_ws/src/fishbot_description/launch/display_robot.launch,PASS,.launch,xml-parse,
chapt6/chapt6_ws/src/fishbot_description/launch/gazebo_sim.launch,PASS,.launch,xml-parse,
chapt6/chapt6_ws/src/fishbot_description/package.xml,PASS,.xml,xml-parse,
chapt6/chapt6_ws/src/fishbot_description/urdf/first_robot.gv,PASS,.gv,,
chapt6/chapt6_ws/src/fishbot_description/urdf/first_robot.pdf,PASS,binary/asset,skipped content parse,
chapt6/chapt6_ws/src/fishbot_description/urdf/first_robot.urdf,PASS,.urdf,text-reviewed,
chapt6/chapt6_ws/src/fishbot_description/urdf/first_robot.urdf.xacro,PASS,.xacro,text-reviewed,
chapt6/chapt6_ws/src/fishbot_description/urdf/fishbot/actuator/caster.urdf.xacro,PASS,.xacro,text-reviewed,
chapt6/chapt6_ws/src/fishbot_description/urdf/fishbot/actuator/wheel.urdf.xacro,PASS,.xacro,text-reviewed,
chapt6/chapt6_ws/src/fishbot_description/urdf/fishbot/base.urdf.xacro,PASS,.xacro,text-reviewed,
chapt6/chapt6_ws/src/fishbot_description/urdf/fishbot/common_inertia.xacro,PASS,.xacro,text-reviewed,
chapt6/chapt6_ws/src/fishbot_description/urdf/fishbot/fishbot.urdf.xacro,PASS,.xacro,text-reviewed,
chapt6/chapt6_ws/src/fishbot_description/urdf/fishbot/plugins/gazebo_control_plugin.xacro,PASS,.xacro,text-reviewed,
chapt6/chapt6_ws/src/fishbot_description/urdf/fishbot/plugins/gazebo_sensor_plugin.xacro,PASS,.xacro,text-reviewed,
chapt6/chapt6_ws/src/fishbot_description/urdf/fishbot/sensor/camera.urdf.xacro,PASS,.xacro,text-reviewed,
chapt6/chapt6_ws/src/fishbot_description/urdf/fishbot/sensor/imu.urdf.xacro,PASS,.xacro,text-reviewed,
chapt6/chapt6_ws/src/fishbot_description/urdf/fishbot/sensor/laser.urdf.xacro,PASS,.xacro,text-reviewed,
chapt6/chapt6_ws/src/fishbot_description/world/custom_room.world,PASS,.world,text-reviewed,
chapt6/chapt6_ws/src/fishbot_description/world/room/model.config,PASS,.config,text-reviewed,
chapt6/chapt6_ws/src/fishbot_description/world/room/model.sdf,PASS,.sdf,text-reviewed,
chapt7/chapt7_ws/README.md,PASS,.md,text-reviewed,
chapt7/chapt7_ws/src/autopatrol_interfaces/CMakeLists.txt,PASS,.txt,cmake-static-review,
chapt7/chapt7_ws/src/autopatrol_interfaces/package.xml,PASS,.xml,xml-parse,
chapt7/chapt7_ws/src/autopatrol_interfaces/srv/SpeachText.srv,PASS,.srv,,
chapt7/chapt7_ws/src/autopatrol_robot/CMakeLists.txt,PASS,.txt,cmake-static-review,
chapt7/chapt7_ws/src/autopatrol_robot/autopatrol_robot/__init__.py,PASS,.py,python-syntax,
chapt7/chapt7_ws/src/autopatrol_robot/autopatrol_robot/patrol_node.py,PASS,.py,python-syntax,
chapt7/chapt7_ws/src/autopatrol_robot/autopatrol_robot/speaker.py,PASS,.py,python-syntax,
chapt7/chapt7_ws/src/autopatrol_robot/config/patrol_config.yaml,PASS,.yaml,yaml-parse,
chapt7/chapt7_ws/src/autopatrol_robot/launch/autopatrol.launch,PASS,.launch,xml-parse,
chapt7/chapt7_ws/src/autopatrol_robot/package.xml,PASS,.xml,xml-parse,
chapt7/chapt7_ws/src/autopatrol_robot/setup.py,PASS,.py,python-syntax,
chapt7/chapt7_ws/src/fishbot_application/CMakeLists.txt,PASS,.txt,cmake-static-review,
chapt7/chapt7_ws/src/fishbot_application/fishbot_application/__init__.py,PASS,.py,python-syntax,
chapt7/chapt7_ws/src/fishbot_application/fishbot_application/get_robot_pose.py,PASS,.py,python-syntax,
chapt7/chapt7_ws/src/fishbot_application/fishbot_application/init_robot_pose.py,PASS,.py,python-syntax,
chapt7/chapt7_ws/src/fishbot_application/fishbot_application/nav_to_pose.py,PASS,.py,python-syntax,
chapt7/chapt7_ws/src/fishbot_application/fishbot_application/waypoint_follower.py,PASS,.py,python-syntax,
chapt7/chapt7_ws/src/fishbot_application/package.xml,PASS,.xml,xml-parse,
chapt7/chapt7_ws/src/fishbot_application/setup.py,PASS,.py,python-syntax,
chapt7/chapt7_ws/src/fishbot_application_cpp/CMakeLists.txt,PASS,.txt,cmake-static-review,
chapt7/chapt7_ws/src/fishbot_application_cpp/package.xml,PASS,.xml,xml-parse,
chapt7/chapt7_ws/src/fishbot_application_cpp/src/nav_to_pose.cpp,PASS,.cpp,static-reviewed,
chapt7/chapt7_ws/src/fishbot_description/CMakeLists.txt,PASS,.txt,cmake-static-review,
chapt7/chapt7_ws/src/fishbot_description/LICENSE,PASS,(no extension),text-reviewed,
chapt7/chapt7_ws/src/fishbot_description/config/rviz/dispaly_model.rviz,PASS,.rviz,text-reviewed,
chapt7/chapt7_ws/src/fishbot_description/launch/display_robot.launch,PASS,.launch,xml-parse,
chapt7/chapt7_ws/src/fishbot_description/launch/gazebo_sim.launch,PASS,.launch,xml-parse,
chapt7/chapt7_ws/src/fishbot_description/package.xml,PASS,.xml,xml-parse,
chapt7/chapt7_ws/src/fishbot_description/urdf/first_robot.gv,PASS,.gv,,
chapt7/chapt7_ws/src/fishbot_description/urdf/first_robot.pdf,PASS,binary/asset,skipped content parse,
chapt7/chapt7_ws/src/fishbot_description/urdf/first_robot.urdf,PASS,.urdf,text-reviewed,
chapt7/chapt7_ws/src/fishbot_description/urdf/first_robot.urdf.xacro,PASS,.xacro,text-reviewed,
chapt7/chapt7_ws/src/fishbot_description/urdf/fishbot/actuator/caster.urdf.xacro,PASS,.xacro,text-reviewed,
chapt7/chapt7_ws/src/fishbot_description/urdf/fishbot/actuator/wheel.urdf.xacro,PASS,.xacro,text-reviewed,
chapt7/chapt7_ws/src/fishbot_description/urdf/fishbot/base.urdf.xacro,PASS,.xacro,text-reviewed,
chapt7/chapt7_ws/src/fishbot_description/urdf/fishbot/common_inertia.xacro,PASS,.xacro,text-reviewed,
chapt7/chapt7_ws/src/fishbot_description/urdf/fishbot/fishbot.urdf.xacro,PASS,.xacro,text-reviewed,
chapt7/chapt7_ws/src/fishbot_description/urdf/fishbot/plugins/gazebo_control_plugin.xacro,PASS,.xacro,text-reviewed,
chapt7/chapt7_ws/src/fishbot_description/urdf/fishbot/plugins/gazebo_sensor_plugin.xacro,PASS,.xacro,text-reviewed,
chapt7/chapt7_ws/src/fishbot_description/urdf/fishbot/sensor/camera.urdf.xacro,PASS,.xacro,text-reviewed,
chapt7/chapt7_ws/src/fishbot_description/urdf/fishbot/sensor/imu.urdf.xacro,PASS,.xacro,text-reviewed,
chapt7/chapt7_ws/src/fishbot_description/urdf/fishbot/sensor/laser.urdf.xacro,PASS,.xacro,text-reviewed,
chapt7/chapt7_ws/src/fishbot_description/world/custom_room.world,PASS,.world,text-reviewed,
chapt7/chapt7_ws/src/fishbot_description/world/room/model.config,PASS,.config,text-reviewed,
chapt7/chapt7_ws/src/fishbot_description/world/room/model.sdf,PASS,.sdf,text-reviewed,
chapt7/chapt7_ws/src/fishbot_navigation/CMakeLists.txt,PASS,.txt,cmake-static-review,
chapt7/chapt7_ws/src/fishbot_navigation/config/amcl_params.yaml,PASS,.yaml,yaml-parse,
chapt7/chapt7_ws/src/fishbot_navigation/config/base_local_planner_params.yaml,PASS,.yaml,yaml-parse,
chapt7/chapt7_ws/src/fishbot_navigation/config/costmap_common_params.yaml,PASS,.yaml,yaml-parse,
chapt7/chapt7_ws/src/fishbot_navigation/config/global_costmap_params.yaml,PASS,.yaml,yaml-parse,
chapt7/chapt7_ws/src/fishbot_navigation/config/local_costmap_params.yaml,PASS,.yaml,yaml-parse,
chapt7/chapt7_ws/src/fishbot_navigation/launch/navigation.launch,PASS,.launch,xml-parse,
chapt7/chapt7_ws/src/fishbot_navigation/maps/room.pgm,PASS,binary/asset,skipped content parse,
chapt7/chapt7_ws/src/fishbot_navigation/maps/room.yaml,PASS,.yaml,yaml-parse,
chapt7/chapt7_ws/src/fishbot_navigation/package.xml,PASS,.xml,xml-parse,
chapt8/chapt8_ws/src/autopatrol_interfaces/CMakeLists.txt,PASS,.txt,cmake-static-review,
chapt8/chapt8_ws/src/autopatrol_interfaces/package.xml,PASS,.xml,xml-parse,
chapt8/chapt8_ws/src/autopatrol_interfaces/srv/SpeachText.srv,PASS,.srv,,
chapt8/chapt8_ws/src/autopatrol_robot/CMakeLists.txt,PASS,.txt,cmake-static-review,
chapt8/chapt8_ws/src/autopatrol_robot/autopatrol_robot/__init__.py,PASS,.py,python-syntax,
chapt8/chapt8_ws/src/autopatrol_robot/autopatrol_robot/patrol_node.py,PASS,.py,python-syntax,
chapt8/chapt8_ws/src/autopatrol_robot/autopatrol_robot/speaker.py,PASS,.py,python-syntax,
chapt8/chapt8_ws/src/autopatrol_robot/config/patrol_config.yaml,PASS,.yaml,yaml-parse,
chapt8/chapt8_ws/src/autopatrol_robot/launch/autopatrol.launch,PASS,.launch,xml-parse,
chapt8/chapt8_ws/src/autopatrol_robot/package.xml,PASS,.xml,xml-parse,
chapt8/chapt8_ws/src/autopatrol_robot/setup.py,PASS,.py,python-syntax,
chapt8/chapt8_ws/src/custom_global_planner/CMakeLists.txt,PASS,.txt,cmake-static-review,
chapt8/chapt8_ws/src/custom_global_planner/custom_global_planner.xml,PASS,.xml,xml-parse,
chapt8/chapt8_ws/src/custom_global_planner/include/custom_global_planner/custom_global_planner.hpp,PASS,.hpp,static-reviewed,
chapt8/chapt8_ws/src/custom_global_planner/package.xml,PASS,.xml,xml-parse,
chapt8/chapt8_ws/src/custom_global_planner/src/custom_global_planner.cpp,PASS,.cpp,static-reviewed,
chapt8/chapt8_ws/src/custom_local_planner/CMakeLists.txt,PASS,.txt,cmake-static-review,
chapt8/chapt8_ws/src/custom_local_planner/custom_local_planner.xml,PASS,.xml,xml-parse,
chapt8/chapt8_ws/src/custom_local_planner/include/custom_local_planner/custom_local_planner.hpp,PASS,.hpp,static-reviewed,
chapt8/chapt8_ws/src/custom_local_planner/package.xml,PASS,.xml,xml-parse,
chapt8/chapt8_ws/src/custom_local_planner/src/custom_local_planner.cpp,PASS,.cpp,static-reviewed,
chapt8/chapt8_ws/src/fishbot_application/CMakeLists.txt,PASS,.txt,cmake-static-review,
chapt8/chapt8_ws/src/fishbot_application/fishbot_application/__init__.py,PASS,.py,python-syntax,
chapt8/chapt8_ws/src/fishbot_application/fishbot_application/get_robot_pose.py,PASS,.py,python-syntax,
chapt8/chapt8_ws/src/fishbot_application/fishbot_application/init_robot_pose.py,PASS,.py,python-syntax,
chapt8/chapt8_ws/src/fishbot_application/fishbot_application/nav_to_pose.py,PASS,.py,python-syntax,
chapt8/chapt8_ws/src/fishbot_application/fishbot_application/waypoint_follower.py,PASS,.py,python-syntax,
chapt8/chapt8_ws/src/fishbot_application/package.xml,PASS,.xml,xml-parse,
chapt8/chapt8_ws/src/fishbot_application/setup.py,PASS,.py,python-syntax,
chapt8/chapt8_ws/src/fishbot_application_cpp/CMakeLists.txt,PASS,.txt,cmake-static-review,
chapt8/chapt8_ws/src/fishbot_application_cpp/package.xml,PASS,.xml,xml-parse,
chapt8/chapt8_ws/src/fishbot_application_cpp/src/nav_to_pose.cpp,PASS,.cpp,static-reviewed,
chapt8/chapt8_ws/src/fishbot_description/CMakeLists.txt,PASS,.txt,cmake-static-review,
chapt8/chapt8_ws/src/fishbot_description/LICENSE,PASS,(no extension),text-reviewed,
chapt8/chapt8_ws/src/fishbot_description/config/rviz/dispaly_model.rviz,PASS,.rviz,text-reviewed,
chapt8/chapt8_ws/src/fishbot_description/launch/display_robot.launch,PASS,.launch,xml-parse,
chapt8/chapt8_ws/src/fishbot_description/launch/gazebo_sim.launch,PASS,.launch,xml-parse,
chapt8/chapt8_ws/src/fishbot_description/package.xml,PASS,.xml,xml-parse,
chapt8/chapt8_ws/src/fishbot_description/urdf/first_robot.gv,PASS,.gv,,
chapt8/chapt8_ws/src/fishbot_description/urdf/first_robot.pdf,PASS,binary/asset,skipped content parse,
chapt8/chapt8_ws/src/fishbot_description/urdf/first_robot.urdf,PASS,.urdf,text-reviewed,
chapt8/chapt8_ws/src/fishbot_description/urdf/first_robot.urdf.xacro,PASS,.xacro,text-reviewed,
chapt8/chapt8_ws/src/fishbot_description/urdf/fishbot/actuator/caster.urdf.xacro,PASS,.xacro,text-reviewed,
chapt8/chapt8_ws/src/fishbot_description/urdf/fishbot/actuator/wheel.urdf.xacro,PASS,.xacro,text-reviewed,
chapt8/chapt8_ws/src/fishbot_description/urdf/fishbot/base.urdf.xacro,PASS,.xacro,text-reviewed,
chapt8/chapt8_ws/src/fishbot_description/urdf/fishbot/common_inertia.xacro,PASS,.xacro,text-reviewed,
chapt8/chapt8_ws/src/fishbot_description/urdf/fishbot/fishbot.urdf.xacro,PASS,.xacro,text-reviewed,
chapt8/chapt8_ws/src/fishbot_description/urdf/fishbot/plugins/gazebo_control_plugin.xacro,PASS,.xacro,text-reviewed,
chapt8/chapt8_ws/src/fishbot_description/urdf/fishbot/plugins/gazebo_sensor_plugin.xacro,PASS,.xacro,text-reviewed,
chapt8/chapt8_ws/src/fishbot_description/urdf/fishbot/sensor/camera.urdf.xacro,PASS,.xacro,text-reviewed,
chapt8/chapt8_ws/src/fishbot_description/urdf/fishbot/sensor/imu.urdf.xacro,PASS,.xacro,text-reviewed,
chapt8/chapt8_ws/src/fishbot_description/urdf/fishbot/sensor/laser.urdf.xacro,PASS,.xacro,text-reviewed,
chapt8/chapt8_ws/src/fishbot_description/world/custom_room.world,PASS,.world,text-reviewed,
chapt8/chapt8_ws/src/fishbot_description/world/room/model.config,PASS,.config,text-reviewed,
chapt8/chapt8_ws/src/fishbot_description/world/room/model.sdf,PASS,.sdf,text-reviewed,
chapt8/chapt8_ws/src/fishbot_navigation/CMakeLists.txt,PASS,.txt,cmake-static-review,
chapt8/chapt8_ws/src/fishbot_navigation/config/amcl_params.yaml,PASS,.yaml,yaml-parse,
chapt8/chapt8_ws/src/fishbot_navigation/config/base_local_planner_params.yaml,PASS,.yaml,yaml-parse,
chapt8/chapt8_ws/src/fishbot_navigation/config/costmap_common_params.yaml,PASS,.yaml,yaml-parse,
chapt8/chapt8_ws/src/fishbot_navigation/config/custom_controller.yaml,PASS,.yaml,yaml-parse,
chapt8/chapt8_ws/src/fishbot_navigation/config/global_costmap_params.yaml,PASS,.yaml,yaml-parse,
chapt8/chapt8_ws/src/fishbot_navigation/config/local_costmap_params.yaml,PASS,.yaml,yaml-parse,
chapt8/chapt8_ws/src/fishbot_navigation/launch/navigation.launch,PASS,.launch,xml-parse,
chapt8/chapt8_ws/src/fishbot_navigation/maps/room.pgm,PASS,binary/asset,skipped content parse,
chapt8/chapt8_ws/src/fishbot_navigation/maps/room.yaml,PASS,.yaml,yaml-parse,
chapt8/chapt8_ws/src/fishbot_navigation/package.xml,PASS,.xml,xml-parse,
chapt8/learn_pluginlib/src/motion_control_system/CMakeLists.txt,PASS,.txt,cmake-static-review,
chapt8/learn_pluginlib/src/motion_control_system/LICENSE,PASS,(no extension),text-reviewed,
chapt8/learn_pluginlib/src/motion_control_system/include/motion_control_system/motion_control_interface.hpp,PASS,.hpp,static-reviewed,
chapt8/learn_pluginlib/src/motion_control_system/include/motion_control_system/spin_motion_controller.hpp,PASS,.hpp,static-reviewed,
chapt8/learn_pluginlib/src/motion_control_system/package.xml,UPDATED,.xml,xml-parse,
chapt8/learn_pluginlib/src/motion_control_system/spin_motion_plugins.xml,UPDATED,.xml,xml-parse,
chapt8/learn_pluginlib/src/motion_control_system/src/spin_motion_controller.cpp,PASS,.cpp,static-reviewed,
chapt8/learn_pluginlib/src/motion_control_system/src/test_plugin.cpp,PASS,.cpp,static-reviewed,
chapt9/example_imu/.gitignore,PASS,(no extension),text-reviewed,
chapt9/example_imu/include/README,PASS,(no extension),text-reviewed,
chapt9/example_imu/lib/README,PASS,(no extension),text-reviewed,
chapt9/example_imu/platformio.ini,PASS,.ini,text-reviewed,
chapt9/example_imu/src/main.cpp,PASS,.cpp,static-reviewed,
chapt9/example_imu/test/README,PASS,(no extension),text-reviewed,
chapt9/example_led/.gitignore,PASS,(no extension),text-reviewed,
chapt9/example_led/include/README,PASS,(no extension),text-reviewed,
chapt9/example_led/lib/README,PASS,(no extension),text-reviewed,
chapt9/example_led/platformio.ini,PASS,.ini,text-reviewed,
chapt9/example_led/src/main.cpp,PASS,.cpp,static-reviewed,
chapt9/example_led/test/README,PASS,(no extension),text-reviewed,
chapt9/example_project/.gitignore,PASS,(no extension),text-reviewed,
chapt9/example_project/include/README,PASS,(no extension),text-reviewed,
chapt9/example_project/lib/README,PASS,(no extension),text-reviewed,
chapt9/example_project/platformio.ini,PASS,.ini,text-reviewed,
chapt9/example_project/src/main.cpp,PASS,.cpp,static-reviewed,
chapt9/example_project/test/README,PASS,(no extension),text-reviewed,
chapt9/example_ultrasound/.gitignore,PASS,(no extension),text-reviewed,
chapt9/example_ultrasound/include/README,PASS,(no extension),text-reviewed,
chapt9/example_ultrasound/lib/PidController/PidController.cpp,PASS,.cpp,static-reviewed,
chapt9/example_ultrasound/lib/PidController/PidController.h,PASS,.h,static-reviewed,
chapt9/example_ultrasound/lib/README,PASS,(no extension),text-reviewed,
chapt9/example_ultrasound/platformio.ini,PASS,.ini,text-reviewed,
chapt9/example_ultrasound/src/main.cpp,PASS,.cpp,static-reviewed,
chapt9/example_ultrasound/test/README,PASS,(no extension),text-reviewed,
chapt9/fishbot_motion_control/.gitignore,PASS,(no extension),text-reviewed,
chapt9/fishbot_motion_control/README.md,PASS,.md,text-reviewed,
chapt9/fishbot_motion_control/include/README,PASS,(no extension),text-reviewed,
chapt9/fishbot_motion_control/lib/Kinematics/Kinematics.cpp,PASS,.cpp,static-reviewed,
chapt9/fishbot_motion_control/lib/Kinematics/Kinematics.h,PASS,.h,static-reviewed,
chapt9/fishbot_motion_control/lib/PidController/PidController.cpp,PASS,.cpp,static-reviewed,
chapt9/fishbot_motion_control/lib/PidController/PidController.h,PASS,.h,static-reviewed,
chapt9/fishbot_motion_control/lib/README,PASS,(no extension),text-reviewed,
chapt9/fishbot_motion_control/platformio.ini,UPDATED,.ini,text-reviewed,
chapt9/fishbot_motion_control/src/main.cpp,UPDATED,.cpp,static-reviewed,
chapt9/fishbot_motion_control/test/9.4.1.cpp,UPDATED,.cpp,static-reviewed,
chapt9/fishbot_motion_control/test/9.4.2.cpp,UPDATED,.cpp,static-reviewed,
chapt9/fishbot_motion_control/test/9.4.3.cpp,UPDATED,.cpp,static-reviewed,
chapt9/fishbot_motion_control/test/README,PASS,(no extension),text-reviewed,
chapt9/fishbot_motion_control_9.3/.gitignore,PASS,(no extension),text-reviewed,
chapt9/fishbot_motion_control_9.3/README.md,PASS,.md,text-reviewed,
chapt9/fishbot_motion_control_9.3/include/README,PASS,(no extension),text-reviewed,
chapt9/fishbot_motion_control_9.3/lib/Kinematics/Kinematics.cpp,PASS,.cpp,static-reviewed,
chapt9/fishbot_motion_control_9.3/lib/Kinematics/Kinematics.h,PASS,.h,static-reviewed,
chapt9/fishbot_motion_control_9.3/lib/PidController/PidController.cpp,PASS,.cpp,static-reviewed,
chapt9/fishbot_motion_control_9.3/lib/PidController/PidController.h,PASS,.h,static-reviewed,
chapt9/fishbot_motion_control_9.3/lib/README,PASS,(no extension),text-reviewed,
chapt9/fishbot_motion_control_9.3/platformio.ini,PASS,.ini,text-reviewed,
chapt9/fishbot_motion_control_9.3/src/main.cpp,PASS,.cpp,static-reviewed,
chapt9/fishbot_motion_control_9.3/test/README,PASS,(no extension),text-reviewed,
chapt9/fishbot_motion_control_9.3.4/.gitignore,PASS,(no extension),text-reviewed,
chapt9/fishbot_motion_control_9.3.4/README.md,PASS,.md,text-reviewed,
chapt9/fishbot_motion_control_9.3.4/include/README,PASS,(no extension),text-reviewed,
chapt9/fishbot_motion_control_9.3.4/lib/Kinematics/Kinematics.cpp,PASS,.cpp,static-reviewed,
chapt9/fishbot_motion_control_9.3.4/lib/Kinematics/Kinematics.h,PASS,.h,static-reviewed,
chapt9/fishbot_motion_control_9.3.4/lib/PidController/PidController.cpp,PASS,.cpp,static-reviewed,
chapt9/fishbot_motion_control_9.3.4/lib/PidController/PidController.h,PASS,.h,static-reviewed,
chapt9/fishbot_motion_control_9.3.4/lib/README,PASS,(no extension),text-reviewed,
chapt9/fishbot_motion_control_9.3.4/platformio.ini,PASS,.ini,text-reviewed,
chapt9/fishbot_motion_control_9.3.4/src/main.cpp,PASS,.cpp,static-reviewed,
chapt9/fishbot_motion_control_9.3.4/test/README,PASS,(no extension),text-reviewed,
chapt9/fishbot_motion_control_9.4.1/.gitignore,PASS,(no extension),text-reviewed,
chapt9/fishbot_motion_control_9.4.1/README.md,PASS,.md,text-reviewed,
chapt9/fishbot_motion_control_9.4.1/include/README,PASS,(no extension),text-reviewed,
chapt9/fishbot_motion_control_9.4.1/lib/Kinematics/Kinematics.cpp,PASS,.cpp,static-reviewed,
chapt9/fishbot_motion_control_9.4.1/lib/Kinematics/Kinematics.h,PASS,.h,static-reviewed,
chapt9/fishbot_motion_control_9.4.1/lib/PidController/PidController.cpp,PASS,.cpp,static-reviewed,
chapt9/fishbot_motion_control_9.4.1/lib/PidController/PidController.h,PASS,.h,static-reviewed,
chapt9/fishbot_motion_control_9.4.1/lib/README,PASS,(no extension),text-reviewed,
chapt9/fishbot_motion_control_9.4.1/platformio.ini,UPDATED,.ini,text-reviewed,
chapt9/fishbot_motion_control_9.4.1/src/main.cpp,UPDATED,.cpp,static-reviewed,
chapt9/fishbot_motion_control_9.4.1/test/README,PASS,(no extension),text-reviewed,
chapt9/fishbot_ws/src/fishbot_bringup/CMakeLists.txt,PASS,.txt,cmake-static-review,
chapt9/fishbot_ws/src/fishbot_bringup/launch/bringup.launch,UPDATED,.launch,xml-parse,
chapt9/fishbot_ws/src/fishbot_bringup/launch/urdf2tf.launch,PASS,.launch,xml-parse,
chapt9/fishbot_ws/src/fishbot_bringup/map/room.pgm,PASS,binary/asset,skipped content parse,
chapt9/fishbot_ws/src/fishbot_bringup/map/room.yaml,PASS,.yaml,yaml-parse,
chapt9/fishbot_ws/src/fishbot_bringup/package.xml,PASS,.xml,xml-parse,
chapt9/fishbot_ws/src/fishbot_bringup/src/odom2tf.cpp,PASS,.cpp,static-reviewed,
chapt9/fishbot_ws/src/fishbot_description/CMakeLists.txt,PASS,.txt,cmake-static-review,
chapt9/fishbot_ws/src/fishbot_description/package.xml,PASS,.xml,xml-parse,
chapt9/fishbot_ws/src/fishbot_description/urdf/fishbot.urdf,PASS,.urdf,text-reviewed,
chapt9/fishbot_ws/src/fishbot_navigation/CMakeLists.txt,PASS,.txt,cmake-static-review,
chapt9/fishbot_ws/src/fishbot_navigation/config/amcl_params.yaml,PASS,.yaml,yaml-parse,
chapt9/fishbot_ws/src/fishbot_navigation/config/base_local_planner_params.yaml,PASS,.yaml,yaml-parse,
chapt9/fishbot_ws/src/fishbot_navigation/config/costmap_common_params.yaml,PASS,.yaml,yaml-parse,
chapt9/fishbot_ws/src/fishbot_navigation/config/global_costmap_params.yaml,PASS,.yaml,yaml-parse,
chapt9/fishbot_ws/src/fishbot_navigation/config/local_costmap_params.yaml,PASS,.yaml,yaml-parse,
chapt9/fishbot_ws/src/fishbot_navigation/launch/navigation.launch,PASS,.launch,xml-parse,
chapt9/fishbot_ws/src/fishbot_navigation/maps/room.pgm,PASS,binary/asset,skipped content parse,
chapt9/fishbot_ws/src/fishbot_navigation/maps/room.yaml,PASS,.yaml,yaml-parse,
chapt9/fishbot_ws/src/fishbot_navigation/package.xml,PASS,.xml,xml-parse,
chapt9/fishbot_ws/src/ros_serial2wifi/.gitignore,PASS,(no extension),text-reviewed,
chapt9/fishbot_ws/src/ros_serial2wifi/CMakeLists.txt,PASS,.txt,cmake-static-review,
chapt9/fishbot_ws/src/ros_serial2wifi/package.xml,PASS,.xml,xml-parse,
chapt9/fishbot_ws/src/ros_serial2wifi/ros_serail2wifi/__init__.py,PASS,.py,python-syntax,
chapt9/fishbot_ws/src/ros_serial2wifi/ros_serail2wifi/tcpserver.py,PASS,.py,python-syntax,
chapt9/fishbot_ws/src/ros_serial2wifi/setup.py,PASS,.py,python-syntax,
chapt9/fishbot_ws/src/ydlidar_ros/.gitignore,PASS,(no extension),text-reviewed,
chapt9/fishbot_ws/src/ydlidar_ros/CMakeLists.txt,UPDATED,.txt,cmake-static-review,
chapt9/fishbot_ws/src/ydlidar_ros/README.md,PASS,.md,text-reviewed,
chapt9/fishbot_ws/src/ydlidar_ros/cmake/FindPackage.cmake.in,PASS,.in,text-reviewed,
chapt9/fishbot_ws/src/ydlidar_ros/cmake/PackageConfig.cmake.in,PASS,.in,text-reviewed,
chapt9/fishbot_ws/src/ydlidar_ros/cmake/PackageConfigVersion.cmake.in,PASS,.in,text-reviewed,
chapt9/fishbot_ws/src/ydlidar_ros/cmake/PkgConfig.pc.in,PASS,.in,text-reviewed,
chapt9/fishbot_ws/src/ydlidar_ros/cmake/cmake_uninstall.cmake.in,PASS,.in,text-reviewed,
chapt9/fishbot_ws/src/ydlidar_ros/cmake/common/ydlidar_base.cmake,PASS,.cmake,text-reviewed,
chapt9/fishbot_ws/src/ydlidar_ros/cmake/common/ydlidar_parse.cmake,PASS,.cmake,text-reviewed,
chapt9/fishbot_ws/src/ydlidar_ros/cmake/install_package.cmake,PASS,.cmake,text-reviewed,
chapt9/fishbot_ws/src/ydlidar_ros/cmake/script_show_final_summary.cmake,PASS,.cmake,text-reviewed,
chapt9/fishbot_ws/src/ydlidar_ros/config/ydlidar.rviz,PASS,.rviz,text-reviewed,
chapt9/fishbot_ws/src/ydlidar_ros/docs/paramters.md,PASS,.md,text-reviewed,
chapt9/fishbot_ws/src/ydlidar_ros/docs/ydlidar.md,PASS,.md,text-reviewed,
chapt9/fishbot_ws/src/ydlidar_ros/launch/ydlidar.launch,PASS,.launch,xml-parse,
chapt9/fishbot_ws/src/ydlidar_ros/package.xml,PASS,.xml,xml-parse,
chapt9/fishbot_ws/src/ydlidar_ros/params/ydlidar.yaml,PASS,.yaml,yaml-parse,
chapt9/fishbot_ws/src/ydlidar_ros/sdk/CMakeLists.txt,PASS,.txt,cmake-static-review,
chapt9/fishbot_ws/src/ydlidar_ros/sdk/core/CMakeLists.txt,PASS,.txt,cmake-static-review,
chapt9/fishbot_ws/src/ydlidar_ros/sdk/core/base/CMakeLists.txt,PASS,.txt,cmake-static-review,
chapt9/fishbot_ws/src/ydlidar_ros/sdk/core/base/datatype.h,PASS,.h,static-reviewed,
chapt9/fishbot_ws/src/ydlidar_ros/sdk/core/base/locker.h,PASS,.h,static-reviewed,
chapt9/fishbot_ws/src/ydlidar_ros/sdk/core/base/thread.h,PASS,.h,static-reviewed,
chapt9/fishbot_ws/src/ydlidar_ros/sdk/core/base/timer.cpp,PASS,.cpp,static-reviewed,
chapt9/fishbot_ws/src/ydlidar_ros/sdk/core/base/timer.h,PASS,.h,static-reviewed,
chapt9/fishbot_ws/src/ydlidar_ros/sdk/core/base/typedef.h,PASS,.h,static-reviewed,
chapt9/fishbot_ws/src/ydlidar_ros/sdk/core/base/utils.h,PASS,.h,static-reviewed,
chapt9/fishbot_ws/src/ydlidar_ros/sdk/core/base/v8stdint.h,PASS,.h,static-reviewed,
chapt9/fishbot_ws/src/ydlidar_ros/sdk/core/base/ydlidar.h,PASS,.h,static-reviewed,
chapt9/fishbot_ws/src/ydlidar_ros/sdk/core/common/CMakeLists.txt,PASS,.txt,cmake-static-review,
chapt9/fishbot_ws/src/ydlidar_ros/sdk/core/common/ChannelDevice.h,PASS,.h,static-reviewed,
chapt9/fishbot_ws/src/ydlidar_ros/sdk/core/common/DriverInterface.h,PASS,.h,static-reviewed,
chapt9/fishbot_ws/src/ydlidar_ros/sdk/core/common/ydlidar_config.h,PASS,.h,static-reviewed,
chapt9/fishbot_ws/src/ydlidar_ros/sdk/core/common/ydlidar_datatype.h,PASS,.h,static-reviewed,
chapt9/fishbot_ws/src/ydlidar_ros/sdk/core/common/ydlidar_def.cpp,PASS,.cpp,static-reviewed,
chapt9/fishbot_ws/src/ydlidar_ros/sdk/core/common/ydlidar_def.h,PASS,.h,static-reviewed,
chapt9/fishbot_ws/src/ydlidar_ros/sdk/core/common/ydlidar_help.h,PASS,.h,static-reviewed,
chapt9/fishbot_ws/src/ydlidar_ros/sdk/core/common/ydlidar_protocol.h,PASS,.h,static-reviewed,
chapt9/fishbot_ws/src/ydlidar_ros/sdk/core/json/CMakeLists.txt,PASS,.txt,cmake-static-review,
chapt9/fishbot_ws/src/ydlidar_ros/sdk/core/json/cJSON.c,PASS,.c,static-reviewed,
chapt9/fishbot_ws/src/ydlidar_ros/sdk/core/json/cJSON.h,PASS,.h,static-reviewed,
chapt9/fishbot_ws/src/ydlidar_ros/sdk/core/math/CMakeLists.txt,PASS,.txt,cmake-static-review,
chapt9/fishbot_ws/src/ydlidar_ros/sdk/core/math/angles.h,PASS,.h,static-reviewed,
chapt9/fishbot_ws/src/ydlidar_ros/sdk/core/network/ActiveSocket.cpp,PASS,.cpp,static-reviewed,
chapt9/fishbot_ws/src/ydlidar_ros/sdk/core/network/ActiveSocket.h,PASS,.h,static-reviewed,
chapt9/fishbot_ws/src/ydlidar_ros/sdk/core/network/CMakeLists.txt,PASS,.txt,cmake-static-review,
chapt9/fishbot_ws/src/ydlidar_ros/sdk/core/network/PassiveSocket.cpp,PASS,.cpp,static-reviewed,
chapt9/fishbot_ws/src/ydlidar_ros/sdk/core/network/PassiveSocket.h,PASS,.h,static-reviewed,
chapt9/fishbot_ws/src/ydlidar_ros/sdk/core/network/SimpleSocket.cpp,PASS,.cpp,static-reviewed,
chapt9/fishbot_ws/src/ydlidar_ros/sdk/core/network/SimpleSocket.h,PASS,.h,static-reviewed,
chapt9/fishbot_ws/src/ydlidar_ros/sdk/core/network/StatTimer.h,PASS,.h,static-reviewed,
chapt9/fishbot_ws/src/ydlidar_ros/sdk/core/serial/CMakeLists.txt,PASS,.txt,cmake-static-review,
chapt9/fishbot_ws/src/ydlidar_ros/sdk/core/serial/common.h,PASS,.h,static-reviewed,
chapt9/fishbot_ws/src/ydlidar_ros/sdk/core/serial/impl/CMakeLists.txt,PASS,.txt,cmake-static-review,
chapt9/fishbot_ws/src/ydlidar_ros/sdk/core/serial/impl/unix/CMakeLists.txt,PASS,.txt,cmake-static-review,
chapt9/fishbot_ws/src/ydlidar_ros/sdk/core/serial/impl/unix/list_ports_linux.cpp,PASS,.cpp,static-reviewed,
chapt9/fishbot_ws/src/ydlidar_ros/sdk/core/serial/impl/unix/lock.c,PASS,.c,static-reviewed,
chapt9/fishbot_ws/src/ydlidar_ros/sdk/core/serial/impl/unix/lock.h,PASS,.h,static-reviewed,
chapt9/fishbot_ws/src/ydlidar_ros/sdk/core/serial/impl/unix/unix.h,PASS,.h,static-reviewed,
chapt9/fishbot_ws/src/ydlidar_ros/sdk/core/serial/impl/unix/unix_serial.cpp,PASS,.cpp,static-reviewed,
chapt9/fishbot_ws/src/ydlidar_ros/sdk/core/serial/impl/unix/unix_serial.h,PASS,.h,static-reviewed,
chapt9/fishbot_ws/src/ydlidar_ros/sdk/core/serial/impl/windows/CMakeLists.txt,PASS,.txt,cmake-static-review,
chapt9/fishbot_ws/src/ydlidar_ros/sdk/core/serial/impl/windows/list_ports_win.cpp,PASS,.cpp,static-reviewed,
chapt9/fishbot_ws/src/ydlidar_ros/sdk/core/serial/impl/windows/win.h,PASS,.h,static-reviewed,
chapt9/fishbot_ws/src/ydlidar_ros/sdk/core/serial/impl/windows/win_serial.cpp,PASS,.cpp,static-reviewed,
chapt9/fishbot_ws/src/ydlidar_ros/sdk/core/serial/impl/windows/win_serial.h,PASS,.h,static-reviewed,
chapt9/fishbot_ws/src/ydlidar_ros/sdk/core/serial/serial.cpp,PASS,.cpp,static-reviewed,
chapt9/fishbot_ws/src/ydlidar_ros/sdk/core/serial/serial.h,PASS,.h,static-reviewed,
chapt9/fishbot_ws/src/ydlidar_ros/sdk/src/CMakeLists.txt,PASS,.txt,cmake-static-review,
chapt9/fishbot_ws/src/ydlidar_ros/sdk/src/CYdLidar.cpp,PASS,.cpp,static-reviewed,
chapt9/fishbot_ws/src/ydlidar_ros/sdk/src/CYdLidar.h,PASS,.h,static-reviewed,
chapt9/fishbot_ws/src/ydlidar_ros/sdk/src/DTSLidarDriver.cpp,PASS,.cpp,static-reviewed,
chapt9/fishbot_ws/src/ydlidar_ros/sdk/src/DTSLidarDriver.h,PASS,.h,static-reviewed,
chapt9/fishbot_ws/src/ydlidar_ros/sdk/src/ETLidarDriver.cpp,PASS,.cpp,static-reviewed,
chapt9/fishbot_ws/src/ydlidar_ros/sdk/src/ETLidarDriver.h,PASS,.h,static-reviewed,
chapt9/fishbot_ws/src/ydlidar_ros/sdk/src/GSLidarDriver.cpp,PASS,.cpp,static-reviewed,
chapt9/fishbot_ws/src/ydlidar_ros/sdk/src/GSLidarDriver.h,PASS,.h,static-reviewed,
chapt9/fishbot_ws/src/ydlidar_ros/sdk/src/SDMLidarDriver.cpp,PASS,.cpp,static-reviewed,
chapt9/fishbot_ws/src/ydlidar_ros/sdk/src/SDMLidarDriver.h,PASS,.h,static-reviewed,
chapt9/fishbot_ws/src/ydlidar_ros/sdk/src/TiaLidarDriver.cpp,PASS,.cpp,static-reviewed,
chapt9/fishbot_ws/src/ydlidar_ros/sdk/src/TiaLidarDriver.h,PASS,.h,static-reviewed,
chapt9/fishbot_ws/src/ydlidar_ros/sdk/src/YDlidarDriver.cpp,PASS,.cpp,static-reviewed,
chapt9/fishbot_ws/src/ydlidar_ros/sdk/src/YDlidarDriver.h,PASS,.h,static-reviewed,
chapt9/fishbot_ws/src/ydlidar_ros/sdk/src/filters/CMakeLists.txt,PASS,.txt,cmake-static-review,
chapt9/fishbot_ws/src/ydlidar_ros/sdk/src/filters/FilterInterface.h,PASS,.h,static-reviewed,
chapt9/fishbot_ws/src/ydlidar_ros/sdk/src/filters/NoiseFilter.cpp,PASS,.cpp,static-reviewed,
chapt9/fishbot_ws/src/ydlidar_ros/sdk/src/filters/NoiseFilter.h,PASS,.h,static-reviewed,
chapt9/fishbot_ws/src/ydlidar_ros/sdk/src/filters/StrongLightFilter.cpp,PASS,.cpp,static-reviewed,
chapt9/fishbot_ws/src/ydlidar_ros/sdk/src/filters/StrongLightFilter.h,PASS,.h,static-reviewed,
chapt9/fishbot_ws/src/ydlidar_ros/sdk/src/ydlidar_sdk.cpp,PASS,.cpp,static-reviewed,
chapt9/fishbot_ws/src/ydlidar_ros/sdk/src/ydlidar_sdk.h,PASS,.h,static-reviewed,
chapt9/fishbot_ws/src/ydlidar_ros/sdk/ydlidar_config.h.in,PASS,.in,text-reviewed,
chapt9/fishbot_ws/src/ydlidar_ros/src/ydlidar_client.cpp,PASS,.cpp,static-reviewed,
chapt9/fishbot_ws/src/ydlidar_ros/src/ydlidar_node.cpp,PASS,.cpp,static-reviewed,
chapt9/fishbot_ws/src/ydlidar_ros/startup/initenv.sh,PASS,.sh,text-reviewed,
image/book.jpg,PASS,binary/asset,skipped content parse,
